video_id,start_time,end_time
case_2000,00:00:00,00:04:16
case_2001,00:00:00,00:02:33
case_2002,00:00:00,00:03:08
case_2003,00:00:00,00:03:19
case_2004,00:00:00,00:03:11
case_2005,00:00:00,00:03:52
case_2006,00:00:00,00:03:51
case_2007,00:00:00,00:06:10
case_2008,00:00:00,00:06:23
case_2009,00:00:00,00:05:39
case_2010,00:00:00,00:04:03
case_2011,00:00:00,00:02:10
case_2012,00:00:00,00:02:57
case_2013,00:00:00,00:02:31
case_2014,00:00:00,00:03:18
case_2015,00:00:00,00:03:54
case_2016,00:00:00,00:05:41
case_2017,00:00:00,00:04:06
case_2018,00:00:00,00:04:04
case_2019,00:00:00,00:04:53
case_2020,00:00:00,00:04:03
case_2021,00:00:00,00:02:59
case_2022,00:00:00,00:05:02
case_2023,00:00:00,00:04:04
case_2024,00:00:00,00:03:08
case_2025,00:00:00,00:03:45
case_2026,00:00:00,00:02:18
case_2027,00:00:00,00:02:41
case_2028,00:00:00,00:04:27
case_2029,00:00:00,00:02:26
case_2030,00:00:00,00:02:43
case_2031,00:00:00,00:02:30
case_2032,00:00:00,00:04:11
case_2033,00:00:00,00:02:52
case_2034,00:00:00,00:03:10
case_2035,00:00:00,00:03:11
case_2036,00:00:00,00:04:37
case_2037,00:00:00,00:04:41
case_2038,00:00:00,00:02:49
case_2039,00:00:00,00:04:54
case_2040,00:00:00,00:02:45
case_2041,00:00:00,00:03:41
case_2042,00:00:00,00:03:20
case_2043,00:00:00,00:02:09
case_2044,00:00:00,00:02:56
case_2045,00:00:00,00:01:35
case_2046,00:00:00,00:03:22
case_2047,00:00:00,00:02:35
case_2048,00:00:00,00:03:03
case_2049,00:00:00,00:04:11
case_2050,00:00:00,00:02:57
case_2051,00:00:00,00:02:51
case_2052,00:00:00,00:02:36
case_2053,00:00:00,00:03:30
case_2054,00:00:00,00:04:02
case_2055,00:00:00,00:03:06
case_2056,00:00:00,00:03:27
case_2057,00:00:00,00:03:54
case_2058,00:00:00,00:05:12
case_2059,00:00:00,00:03:55
case_2060,00:00:00,00:03:47
case_2061,00:00:00,00:02:59
case_2062,00:00:00,00:03:27
case_2063,00:00:00,00:05:38
case_2064,00:00:00,00:03:48
case_2065,00:00:00,00:03:43
case_2066,00:00:00,00:07:30
case_2067,00:00:00,00:03:18
case_2068,00:00:00,00:04:16
case_2069,00:00:00,00:05:26
case_2070,00:00:00,00:04:24
case_2071,00:00:00,00:04:45
case_2072,00:00:00,00:08:14
case_2073,00:00:00,00:03:46
case_2074,00:00:00,00:05:03
case_2075,00:00:00,00:03:14
case_2076,00:00:00,00:04:02
case_2077,00:00:00,00:03:54
case_2078,00:00:00,00:05:10
case_2079,00:00:00,00:03:51
case_2080,00:00:00,00:03:35
case_2081,00:00:00,00:03:10
case_2082,00:00:00,00:02:36
case_2083,00:00:00,00:03:45
case_2084,00:00:00,00:03:54
case_2085,00:00:00,00:02:30
case_2086,00:00:00,00:03:31
case_2087,00:00:00,00:03:06
case_2088,00:00:00,00:03:17
case_2089,00:00:00,00:02:52
case_2090,00:00:00,00:02:21
case_2091,00:00:00,00:02:48
case_2092,00:00:00,00:02:39
case_2093,00:00:00,00:02:57
case_2094,00:00:00,00:03:09
case_2095,00:00:00,00:02:54
case_2096,00:00:00,00:04:03
case_2097,00:00:00,00:03:58
case_2098,00:00:00,00:05:45
case_2099,00:00:00,00:04:08
case_2100,00:00:00,00:02:20
case_2101,00:00:00,00:02:39
case_2102,00:00:00,00:02:30
case_2103,00:00:00,00:01:54
case_2104,00:00:00,00:03:26
case_2105,00:00:00,00:04:12
case_2106,00:00:00,00:03:21
case_2107,00:00:00,00:05:32
case_2108,00:00:00,00:08:39
case_2109,00:00:00,00:07:02
case_2110,00:00:00,00:04:56
case_2111,00:00:00,00:03:01
case_2112,00:00:00,00:02:21
case_2113,00:00:00,00:01:54
case_2114,00:00:00,00:02:59
case_2115,00:00:00,00:02:37
case_2116,00:00:00,00:03:33
case_2117,00:00:00,00:02:38
case_2118,00:00:00,00:02:44
case_2119,00:00:00,00:02:39
case_2120,00:00:00,00:02:40
case_2121,00:00:00,00:05:17
case_2122,00:00:00,00:03:18
case_2123,00:00:00,00:03:22
case_2124,00:00:00,00:04:00
case_2125,00:00:00,00:02:19
case_2126,00:00:00,00:02:19
case_2127,00:00:00,00:02:29
case_2128,00:00:00,00:01:55
case_2129,00:00:00,00:02:47
case_2130,00:00:00,00:01:44
case_2131,00:00:00,00:02:25
case_2132,00:00:00,00:01:49
case_2133,00:00:00,00:02:59
case_2134,00:00:00,00:03:01
case_2135,00:00:00,00:01:36
case_2136,00:00:00,00:01:42
case_2137,00:00:00,00:04:08
case_2138,00:00:00,00:02:11
case_2139,00:00:00,00:02:31
case_2140,00:00:00,00:02:36
case_2141,00:00:00,00:02:11
case_2142,00:00:00,00:02:38
case_2143,00:00:00,00:03:25
case_2144,00:00:00,00:04:26
case_2145,00:00:00,00:04:13
case_2146,00:00:00,00:02:47
case_2147,00:00:00,00:01:59
case_2148,00:00:00,00:03:26
case_2149,00:00:00,00:02:11
case_2150,00:00:00,00:02:01
case_2151,00:00:00,00:03:03
case_2152,00:00:00,00:01:37
case_2153,00:00:00,00:03:32
case_2154,00:00:00,00:02:39
case_2155,00:00:00,00:02:13
case_2156,00:00:00,00:02:29
case_2157,00:00:00,00:02:45
case_2158,00:00:00,00:02:41
case_2159,00:00:00,00:03:07
case_2160,00:00:00,00:01:13
case_2161,00:00:00,00:02:34
case_2162,00:00:00,00:02:44
case_2163,00:00:00,00:02:29
case_2164,00:00:00,00:02:19
case_2165,00:00:00,00:02:24
case_2166,00:00:00,00:02:59
case_2167,00:00:00,00:03:26
case_2168,00:00:00,00:03:02
case_2169,00:00:00,00:02:54
case_2170,00:00:00,00:02:33
case_2171,00:00:00,00:03:52
case_2172,00:00:00,00:03:03
case_2173,00:00:00,00:02:49
case_2174,00:00:00,00:02:31
case_2175,00:00:00,00:03:52
case_2176,00:00:00,00:04:25
case_2177,00:00:00,00:01:33
case_2178,00:00:00,00:04:39
case_2179,00:00:00,00:05:52
case_2180,00:00:00,00:03:39
case_2181,00:00:00,00:03:56
case_2182,00:00:00,00:03:44
case_2183,00:00:00,00:02:45
case_2184,00:00:00,00:03:57
case_2185,00:00:00,00:03:29
case_2186,00:00:00,00:02:07
case_2187,00:00:00,00:02:16
case_2188,00:00:00,00:02:10
case_2189,00:00:00,00:02:10
case_2190,00:00:00,00:01:52
case_2191,00:00:00,00:02:40
case_2192,00:00:00,00:01:57
case_2193,00:00:00,00:04:45
case_2194,00:00:00,00:03:30
case_2195,00:00:00,00:03:35
case_2196,00:00:00,00:04:03
case_2197,00:00:00,00:02:53
case_2198,00:00:00,00:04:38
case_2199,00:00:00,00:07:32
case_2200,00:00:00,00:02:49
case_2201,00:00:00,00:04:18
case_2202,00:00:00,00:03:30
case_2203,00:00:00,00:04:28
case_2204,00:00:00,00:03:13
case_2205,00:00:00,00:03:33
case_2206,00:00:00,00:03:01
case_2207,00:00:00,00:03:19
case_2208,00:00:00,00:02:50
case_2209,00:00:00,00:03:57
case_2210,00:00:00,00:03:56
case_2211,00:00:00,00:03:57
case_2212,00:00:00,00:04:03
case_2213,00:00:00,00:03:29
case_2214,00:00:00,00:02:46
case_2215,00:00:00,00:02:32
case_2216,00:00:00,00:02:55
case_2217,00:00:00,00:04:13
case_2218,00:00:00,00:02:46
case_2219,00:00:00,00:02:46
case_2220,00:00:00,00:03:12
case_2221,00:00:00,00:02:11
case_2222,00:00:00,00:03:15
case_2223,00:00:00,00:02:33
case_2224,00:00:00,00:02:56
case_2225,00:00:00,00:04:42
case_2226,00:00:00,00:05:19
case_2227,00:00:00,00:02:31
case_2228,00:00:00,00:02:46
case_2229,00:00:00,00:01:35
case_2230,00:00:00,00:03:13
case_2231,00:00:00,00:02:39
case_2232,00:00:00,00:04:55
case_2233,00:00:00,00:03:28
case_2234,00:00:00,00:03:23
case_2235,00:00:00,00:03:09
case_2236,00:00:00,00:02:10
case_2237,00:00:00,00:03:18
case_2238,00:00:00,00:03:27
case_2239,00:00:00,00:02:50
case_2240,00:00:00,00:03:42
case_2241,00:00:00,00:02:39
case_2242,00:00:00,00:02:51
case_2243,00:00:00,00:02:35
case_2244,00:00:00,00:02:16
case_2245,00:00:00,00:03:09
case_2246,00:00:00,00:03:38
case_2247,00:00:00,00:04:17
case_2248,00:00:00,00:03:07
case_2249,00:00:00,00:02:56
case_2250,00:00:00,00:03:47
case_2251,00:00:00,00:03:10
case_2252,00:00:00,00:02:48
case_2253,00:00:00,00:02:49
case_2254,00:00:00,00:02:48
case_2255,00:00:00,00:01:55
case_2256,00:00:00,00:02:38
case_2257,00:00:00,00:02:43
case_2258,00:00:00,00:02:32
case_2259,00:00:00,00:02:53
case_2260,00:00:00,00:03:12
case_2261,00:00:00,00:04:22
case_2262,00:00:00,00:02:25
case_2263,00:00:00,00:02:52
case_2264,00:00:00,00:03:32
case_2265,00:00:00,00:03:37
case_2266,00:00:00,00:03:57
case_2267,00:00:00,00:03:50
case_2268,00:00:00,00:02:54
case_2269,00:00:00,00:03:29
case_2270,00:00:00,00:04:05
case_2271,00:00:00,00:03:25
case_2272,00:00:00,00:04:25
case_2273,00:00:00,00:03:45
case_2274,00:00:00,00:03:56
case_2275,00:00:00,00:02:35
case_2276,00:00:00,00:03:09
case_2277,00:00:00,00:03:11
case_2278,00:00:00,00:04:11
case_2279,00:00:00,00:04:30
case_2280,00:00:00,00:03:29
case_2281,00:00:00,00:03:59
case_2282,00:00:00,00:02:39
case_2283,00:00:00,00:06:55
case_2284,00:00:00,00:04:18
case_2285,00:00:00,00:02:38
case_2286,00:00:00,00:02:10
case_2287,00:00:00,00:04:01
case_2288,00:00:00,00:02:59
case_2289,00:00:00,00:02:40
case_2290,00:00:00,00:04:16
case_2291,00:00:00,00:04:08
case_2292,00:00:00,00:02:45
case_2293,00:00:00,00:02:49
case_2294,00:00:00,00:01:21
case_2295,00:00:00,00:02:40
case_2296,00:00:00,00:02:00
case_2297,00:00:00,00:02:54
case_2298,00:00:00,00:02:27
case_2299,00:00:00,00:03:24
case_2300,00:00:00,00:03:59
case_2301,00:00:00,00:04:48
case_2302,00:00:00,00:02:59
case_2303,00:00:00,00:02:18
case_2304,00:00:00,00:03:14
case_2305,00:00:00,00:02:24
case_2306,00:00:00,00:03:16
case_2307,00:00:00,00:04:45
case_2308,00:00:00,00:03:05
case_2309,00:00:00,00:03:15
case_2310,00:00:00,00:03:34
case_2311,00:00:00,00:03:00
case_2312,00:00:00,00:02:35
case_2313,00:00:00,00:01:52
case_2314,00:00:00,00:02:43
case_2315,00:00:00,00:03:49
case_2316,00:00:00,00:02:59
case_2317,00:00:00,00:03:04
case_2318,00:00:00,00:03:42
case_2319,00:00:00,00:04:25
case_2320,00:00:00,00:02:36
case_2321,00:00:00,00:03:12
case_2322,00:00:00,00:03:17
case_2323,00:00:00,00:03:34
case_2324,00:00:00,00:03:45
case_2325,00:00:00,00:03:40
case_2326,00:00:00,00:02:13
case_2327,00:00:00,00:01:52
case_2328,00:00:00,00:02:11
case_2329,00:00:00,00:02:13
case_2330,00:00:00,00:03:22
case_2331,00:00:00,00:04:19
case_2332,00:00:00,00:02:36
case_2333,00:00:00,00:02:47
case_2334,00:00:00,00:02:22
case_2335,00:00:00,00:04:29
case_2336,00:00:00,00:06:35
case_2337,00:00:00,00:04:17
case_2338,00:00:00,00:07:05
case_2339,00:00:00,00:06:37
case_2340,00:00:00,00:02:34
case_2341,00:00:00,00:02:03
case_2342,00:00:00,00:02:18
case_2343,00:00:00,00:01:55
case_2344,00:00:00,00:01:47
case_2345,00:00:00,00:01:53
case_2346,00:00:00,00:01:55
case_2347,00:00:00,00:01:57
case_2348,00:00:00,00:02:12
case_2349,00:00:00,00:02:23
case_2350,00:00:00,00:02:38
case_2351,00:00:00,00:03:02
case_2352,00:00:00,00:02:12
case_2353,00:00:00,00:04:10
case_2354,00:00:00,00:00:18
case_2355,00:00:00,00:03:06
case_2356,00:00:00,00:02:48
case_2357,00:00:00,00:02:24
case_2358,00:00:00,00:05:18
case_2359,00:00:00,00:02:35
case_2360,00:00:00,00:03:02
case_2361,00:00:00,00:02:41
case_2362,00:00:00,00:02:51
case_2363,00:00:00,00:02:49
case_2364,00:00:00,00:03:15
case_2365,00:00:00,00:03:24
case_2366,00:00:00,00:05:06
case_2367,00:00:00,00:03:42
case_2368,00:00:00,00:02:51
case_2369,00:00:00,00:03:10
case_2370,00:00:00,00:03:28
case_2371,00:00:00,00:04:03
case_2372,00:00:00,00:02:13
case_2373,00:00:00,00:02:46
case_2374,00:00:00,00:04:37
case_2375,00:00:00,00:03:03
case_2376,00:00:00,00:02:55
case_2377,00:00:00,00:04:44
case_2378,00:00:00,00:07:15
case_2379,00:00:00,00:05:02
case_2380,00:00:00,00:04:59
case_2381,00:00:00,00:03:05
case_2382,00:00:00,00:03:13
case_2383,00:00:00,00:02:46
case_2384,00:00:00,00:03:28
case_2385,00:00:00,00:01:40
case_2386,00:00:00,00:02:49
case_2387,00:00:00,00:02:45
case_2388,00:00:00,00:02:53
case_2389,00:00:00,00:02:46
case_2390,00:00:00,00:02:54
case_2391,00:00:00,00:04:09
case_2392,00:00:00,00:00:29
case_2393,00:00:00,00:02:14
case_2394,00:00:00,00:02:39
case_2395,00:00:00,00:02:40
case_2396,00:00:00,00:03:43
case_2397,00:00:00,00:02:53
case_2398,00:00:00,00:02:21
case_2399,00:00:00,00:05:50
case_2400,00:00:00,00:03:18
case_2401,00:00:00,00:03:19
case_2402,00:00:00,00:03:20
case_2403,00:00:00,00:06:38
case_2404,00:00:00,00:03:13
case_2405,00:00:00,00:04:30
case_2406,00:00:00,00:03:08
case_2407,00:00:00,00:03:41
case_2408,00:00:00,00:03:30
case_2409,00:00:00,00:04:25
case_2410,00:00:00,00:03:30
case_2411,00:00:00,00:03:34
case_2412,00:00:00,00:01:31
case_2413,00:00:00,00:04:31
case_2414,00:00:00,00:02:43
case_2415,00:00:00,00:05:06
case_2416,00:00:00,00:02:32
case_2417,00:00:00,00:01:37
case_2418,00:00:00,00:03:46
case_2419,00:00:00,00:01:28
case_2420,00:00:00,00:02:11
case_2421,00:00:00,00:02:51
case_2422,00:00:00,00:02:02
case_2423,00:00:00,00:02:40
case_2424,00:00:00,00:02:28
case_2425,00:00:00,00:03:51
case_2426,00:00:00,00:03:42
case_2427,00:00:00,00:04:05
case_2428,00:00:00,00:02:37
case_2429,00:00:00,00:03:11
case_2430,00:00:00,00:02:51
case_2431,00:00:00,00:03:28
case_2432,00:00:00,00:02:57
case_2433,00:00:00,00:02:46
case_2434,00:00:00,00:02:49
case_2435,00:00:00,00:03:40
case_2436,00:00:00,00:03:50
case_2437,00:00:00,00:03:52
case_2438,00:00:00,00:03:46
case_2439,00:00:00,00:07:50
case_2440,00:00:00,00:05:34
case_2441,00:00:00,00:05:14
case_2442,00:00:00,00:04:37
case_2443,00:00:00,00:08:05
case_2444,00:00:00,00:03:57
case_2445,00:00:00,00:03:25
case_2446,00:00:00,00:03:47
case_2447,00:00:00,00:03:24
case_2448,00:00:00,00:03:18
case_2449,00:00:00,00:04:01
case_2450,00:00:00,00:02:52
case_2451,00:00:00,00:03:44
case_2452,00:00:00,00:04:27
case_2453,00:00:00,00:04:56
case_2454,00:00:00,00:03:02
case_2455,00:00:00,00:03:14
case_2456,00:00:00,00:02:49
case_2457,00:00:00,00:02:23
case_2458,00:00:00,00:03:17
case_2459,00:00:00,00:02:30
case_2460,00:00:00,00:01:45
case_2461,00:00:00,00:01:48
case_2462,00:00:00,00:02:32
case_2463,00:00:00,00:01:50
case_2464,00:00:00,00:02:13
case_2465,00:00:00,00:00:54
case_2466,00:00:00,00:02:50
case_2467,00:00:00,00:04:49
case_2468,00:00:00,00:07:23
case_2469,00:00:00,00:04:09
case_2470,00:00:00,00:03:48
case_2471,00:00:00,00:03:32
case_2472,00:00:00,00:03:37
case_2473,00:00:00,00:03:00
case_2474,00:00:00,00:03:21
case_2475,00:00:00,00:03:47
case_2476,00:00:00,00:03:41
case_2477,00:00:00,00:03:36
case_2478,00:00:00,00:03:50
case_2479,00:00:00,00:02:46
case_2480,00:00:00,00:04:11
case_2481,00:00:00,00:02:58
case_2482,00:00:00,00:03:31
case_2483,00:00:00,00:04:16
case_2484,00:00:00,00:04:15
case_2485,00:00:00,00:04:35
case_2486,00:00:00,00:04:17
case_2487,00:00:00,00:03:51
case_2488,00:00:00,00:04:19
case_2489,00:00:00,00:05:48
case_2490,00:00:00,00:02:37
case_2491,00:00:00,00:03:50
case_2492,00:00:00,00:01:59
case_2493,00:00:00,00:03:34
case_2494,00:00:00,00:03:35
case_2495,00:00:00,00:03:36
case_2496,00:00:00,00:02:56
case_2497,00:00:00,00:05:38
case_2498,00:00:00,00:04:17
case_2499,00:00:00,00:03:27
case_2500,00:00:00,00:03:06
case_2501,00:00:00,00:02:36
case_2502,00:00:00,00:03:05
case_2503,00:00:00,00:03:47
case_2504,00:00:00,00:02:35
case_2505,00:00:00,00:03:23
case_2506,00:00:00,00:03:56
case_2507,00:00:00,00:03:15
case_2508,00:00:00,00:03:15
case_2509,00:00:00,00:04:04
case_2510,00:00:00,00:03:34
case_2511,00:00:00,00:03:40
case_2512,00:00:00,00:04:20
case_2513,00:00:00,00:02:40
case_2514,00:00:00,00:02:06
case_2515,00:00:00,00:01:46
case_2516,00:00:00,00:01:17
case_2517,00:00:00,00:02:35
case_2518,00:00:00,00:01:56
case_2519,00:00:00,00:01:35
case_2520,00:00:00,00:02:02
case_2521,00:00:00,00:05:33
case_2522,00:00:00,00:02:43
case_2523,00:00:00,00:07:44
case_2524,00:00:00,00:03:27
case_2525,00:00:00,00:02:57
case_2526,00:00:00,00:03:07
case_2527,00:00:00,00:02:30
case_2528,00:00:00,00:02:38
case_2529,00:00:00,00:03:26
case_2530,00:00:00,00:03:31
case_2531,00:00:00,00:02:36
case_2532,00:00:00,00:03:21
case_2533,00:00:00,00:03:21
case_2534,00:00:00,00:03:12
case_2535,00:00:00,00:02:44
case_2536,00:00:00,00:03:07
case_2537,00:00:00,00:04:50
case_2538,00:00:00,00:03:56
case_2539,00:00:00,00:03:20
case_2540,00:00:00,00:03:58
case_2541,00:00:00,00:04:06
case_2542,00:00:00,00:03:37
case_2543,00:00:00,00:04:23
case_2544,00:00:00,00:03:12
case_2545,00:00:00,00:03:56
case_2546,00:00:00,00:03:42
case_2547,00:00:00,00:03:43
case_2548,00:00:00,00:04:19
case_2549,00:00:00,00:07:19
case_2550,00:00:00,00:03:08
case_2551,00:00:00,00:03:38
case_2552,00:00:00,00:03:58
case_2553,00:00:00,00:03:50
case_2554,00:00:00,00:03:00
case_2555,00:00:00,00:04:35
case_2556,00:00:00,00:03:01
case_2557,00:00:00,00:05:27
case_2558,00:00:00,00:01:30
case_2559,00:00:00,00:04:20
case_2560,00:00:00,00:02:32
case_2561,00:00:00,00:03:23
case_2562,00:00:00,00:02:44
case_2563,00:00:00,00:04:16
case_2564,00:00:00,00:02:29
case_2565,00:00:00,00:02:18
case_2566,00:00:00,00:03:06
case_2567,00:00:00,00:03:35
case_2568,00:00:00,00:02:38
case_2569,00:00:00,00:02:42
case_2570,00:00:00,00:02:09
case_2571,00:00:00,00:02:20
case_2572,00:00:00,00:02:19
case_2573,00:00:00,00:02:40
case_2574,00:00:00,00:02:53
case_2575,00:00:00,00:02:51
case_2576,00:00:00,00:02:26
case_2577,00:00:00,00:03:23
case_2578,00:00:00,00:02:56
case_2579,00:00:00,00:03:28
case_2580,00:00:00,00:03:24
case_2581,00:00:00,00:02:58
case_2582,00:00:00,00:02:33
case_2583,00:00:00,00:02:30
case_2584,00:00:00,00:02:41
case_2585,00:00:00,00:02:33
case_2586,00:00:00,00:02:57
case_2587,00:00:00,00:02:43
case_2588,00:00:00,00:02:43
case_2589,00:00:00,00:03:30
case_2590,00:00:00,00:04:15
case_2591,00:00:00,00:04:07
case_2592,00:00:00,00:04:57
case_2593,00:00:00,00:01:51
case_2594,00:00:00,00:01:52
case_2595,00:00:00,00:02:06
case_2596,00:00:00,00:03:14
case_2597,00:00:00,00:06:20
case_2598,00:00:00,00:03:30
case_2599,00:00:00,00:03:10
case_2600,00:00:00,00:02:44
case_2601,00:00:00,00:03:05
case_2602,00:00:00,00:02:58
case_2603,00:00:00,00:02:15
case_2604,00:00:00,00:03:52
case_2605,00:00:00,00:02:27
case_2606,00:00:00,00:06:01
case_2607,00:00:00,00:03:48
case_2608,00:00:00,00:03:21
case_2609,00:00:00,00:02:52
case_2610,00:00:00,00:03:14
case_2611,00:00:00,00:03:46
case_2612,00:00:00,00:03:25
case_2613,00:00:00,00:03:03
case_2614,00:00:00,00:03:38
case_2615,00:00:00,00:02:42
case_2616,00:00:00,00:07:06
case_2617,00:00:00,00:02:48
case_2618,00:00:00,00:03:51
case_2619,00:00:00,00:03:33
case_2620,00:00:00,00:03:34
case_2621,00:00:00,00:04:28
case_2622,00:00:00,00:04:17
case_2623,00:00:00,00:04:43
case_2624,00:00:00,00:03:34
case_2625,00:00:00,00:03:24
case_2626,00:00:00,00:02:50
case_2627,00:00:00,00:03:46
case_2628,00:00:00,00:04:13
case_2629,00:00:00,00:04:07
case_2630,00:00:00,00:03:24
case_2631,00:00:00,00:03:53
case_2632,00:00:00,00:03:09
case_2633,00:00:00,00:04:57
case_2634,00:00:00,00:03:04
case_2635,00:00:00,00:02:16
case_2636,00:00:00,00:03:14
case_2637,00:00:00,00:06:21
case_2638,00:00:00,00:03:55
case_2639,00:00:00,00:01:51
case_2640,00:00:00,00:03:21
case_2641,00:00:00,00:03:20
case_2642,00:00:00,00:04:34
case_2643,00:00:00,00:02:36
case_2644,00:00:00,00:03:11
case_2645,00:00:00,00:03:12
case_2646,00:00:00,00:04:55
case_2647,00:00:00,00:03:52
case_2648,00:00:00,00:03:39
case_2649,00:00:00,00:05:40
case_2650,00:00:00,00:04:13
case_2651,00:00:00,00:04:44
case_2652,00:00:00,00:02:43
case_2653,00:00:00,00:02:40
case_2654,00:00:00,00:04:20
case_2655,00:00:00,00:04:11
case_2656,00:00:00,00:03:07
case_2657,00:00:00,00:04:30
case_2658,00:00:00,00:03:08
case_2659,00:00:00,00:01:55
case_2660,00:00:00,00:02:19
case_2661,00:00:00,00:04:41
case_2662,00:00:00,00:06:56
case_2663,00:00:00,00:04:45
case_2664,00:00:00,00:04:23
case_2665,00:00:00,00:07:48
case_2666,00:00:00,00:03:53
case_2667,00:00:00,00:05:02
case_2668,00:00:00,00:04:38
case_2669,00:00:00,00:09:38
case_2670,00:00:00,00:02:38
case_2671,00:00:00,00:03:15
case_2672,00:00:00,00:03:01
case_2673,00:00:00,00:03:20
case_2674,00:00:00,00:02:19
case_2675,00:00:00,00:07:05
case_2676,00:00:00,00:08:56
case_2677,00:00:00,00:02:40
case_2678,00:00:00,00:04:12
case_2679,00:00:00,00:04:32
case_2680,00:00:00,00:03:42
case_2681,00:00:00,00:03:45
case_2682,00:00:00,00:01:19
case_2683,00:00:00,00:02:44
case_2684,00:00:00,00:02:13
case_2685,00:00:00,00:03:31
case_2686,00:00:00,00:01:15
case_2687,00:00:00,00:02:00
case_2688,00:00:00,00:02:28
case_2689,00:00:00,00:03:32
case_2690,00:00:00,00:02:21
case_2691,00:00:00,00:03:41
case_2692,00:00:00,00:03:07
case_2693,00:00:00,00:03:03
case_2694,00:00:00,00:02:53
case_2695,00:00:00,00:03:32
case_2696,00:00:00,00:02:57
case_2697,00:00:00,00:03:04
case_2698,00:00:00,00:02:59
case_2699,00:00:00,00:03:41
case_2700,00:00:00,00:03:12
case_2701,00:00:00,00:04:09
case_2702,00:00:00,00:02:38
case_2703,00:00:00,00:04:25
case_2704,00:00:00,00:04:14
case_2705,00:00:00,00:03:42
case_2706,00:00:00,00:03:31
case_2707,00:00:00,00:04:01
case_2708,00:00:00,00:03:52
case_2709,00:00:00,00:07:51
case_2710,00:00:00,00:01:55
case_2711,00:00:00,00:03:28
case_2712,00:00:00,00:02:34
case_2713,00:00:00,00:02:25
case_2714,00:00:00,00:04:34
case_2715,00:00:00,00:05:21
case_2716,00:00:00,00:04:46
case_2717,00:00:00,00:04:41
case_2718,00:00:00,00:04:57
case_2719,00:00:00,00:01:49
case_2720,00:00:00,00:02:09
case_2721,00:00:00,00:02:52
case_2722,00:00:00,00:02:00
case_2723,00:00:00,00:02:37
case_2724,00:00:00,00:01:52
case_2725,00:00:00,00:01:42
case_2726,00:00:00,00:02:43
case_2727,00:00:00,00:02:04
case_2728,00:00:00,00:01:54
case_2729,00:00:00,00:01:47
case_2730,00:00:00,00:05:37
case_2731,00:00:00,00:03:18
case_2732,00:00:00,00:02:59
case_2733,00:00:00,00:02:43
case_2734,00:00:00,00:03:39
case_2735,00:00:00,00:02:15
case_2736,00:00:00,00:02:41
case_2737,00:00:00,00:04:45
case_2738,00:00:00,00:02:02
case_2739,00:00:00,00:02:52
case_2740,00:00:00,00:03:29
case_2741,00:00:00,00:03:11
case_2742,00:00:00,00:03:30
case_2743,00:00:00,00:03:29
case_2744,00:00:00,00:02:47
case_2745,00:00:00,00:02:23
case_2746,00:00:00,00:02:22
case_2747,00:00:00,00:02:55
case_2748,00:00:00,00:02:10
case_2749,00:00:00,00:02:40
case_2750,00:00:00,00:03:10
case_2751,00:00:00,00:03:31
case_2752,00:00:00,00:03:30
case_2753,00:00:00,00:01:53
case_2754,00:00:00,00:02:14
case_2755,00:00:00,00:02:16
case_2756,00:00:00,00:03:28
case_2757,00:00:00,00:02:51
case_2758,00:00:00,00:03:24
case_2759,00:00:00,00:02:33
case_2760,00:00:00,00:02:42
case_2761,00:00:00,00:02:23
case_2762,00:00:00,00:02:16
case_2763,00:00:00,00:02:59
case_2764,00:00:00,00:02:30
case_2765,00:00:00,00:02:50
case_2766,00:00:00,00:05:31
case_2767,00:00:00,00:02:28
case_2768,00:00:00,00:03:59
case_2769,00:00:00,00:03:16
case_2770,00:00:00,00:02:56
case_2771,00:00:00,00:04:28
case_2772,00:00:00,00:03:04
case_2773,00:00:00,00:02:39
case_2774,00:00:00,00:02:42
case_2775,00:00:00,00:02:16
case_2776,00:00:00,00:03:31
case_2777,00:00:00,00:04:17
case_2778,00:00:00,00:03:12
case_2779,00:00:00,00:03:45
case_2780,00:00:00,00:02:47
case_2781,00:00:00,00:02:50
case_2782,00:00:00,00:03:03
case_2783,00:00:00,00:04:39
case_2784,00:00:00,00:02:32
case_2785,00:00:00,00:03:02
case_2786,00:00:00,00:03:31
case_2787,00:00:00,00:02:14
case_2788,00:00:00,00:02:59
case_2789,00:00:00,00:02:23
case_2790,00:00:00,00:02:50
case_2791,00:00:00,00:05:10
case_2792,00:00:00,00:02:48
case_2793,00:00:00,00:02:52
case_2794,00:00:00,00:02:50
case_2795,00:00:00,00:02:32
case_2796,00:00:00,00:03:50
case_2797,00:00:00,00:02:37
case_2798,00:00:00,00:02:41
case_2799,00:00:00,00:02:20
case_2800,00:00:00,00:02:41
case_2801,00:00:00,00:03:40
case_2802,00:00:00,00:03:01
case_2803,00:00:00,00:04:31
case_2804,00:00:00,00:03:26
case_2805,00:00:00,00:02:56
case_2806,00:00:00,00:03:53
case_2807,00:00:00,00:02:37
case_2808,00:00:00,00:01:58
case_2809,00:00:00,00:02:49
case_2810,00:00:00,00:03:39
case_2811,00:00:00,00:05:52
case_2812,00:00:00,00:03:17
case_2813,00:00:00,00:03:21
case_2814,00:00:00,00:02:14
case_2815,00:00:00,00:03:08
case_2816,00:00:00,00:02:58
case_2817,00:00:00,00:04:37
case_2818,00:00:00,00:02:56
case_2819,00:00:00,00:03:23
case_2820,00:00:00,00:03:47
case_2821,00:00:00,00:02:55
case_2822,00:00:00,00:02:42
case_2823,00:00:00,00:03:37
case_2824,00:00:00,00:05:10
case_2825,00:00:00,00:02:09
case_2826,00:00:00,00:02:59
case_2827,00:00:00,00:02:15
case_2828,00:00:00,00:03:02
case_2829,00:00:00,00:03:52
case_2830,00:00:00,00:02:01
case_2831,00:00:00,00:03:18
case_2832,00:00:00,00:02:21
case_2833,00:00:00,00:03:18
case_2834,00:00:00,00:02:31
case_2835,00:00:00,00:02:55
case_2836,00:00:00,00:03:43
case_2837,00:00:00,00:03:06
case_2838,00:00:00,00:02:37
case_2839,00:00:00,00:02:39
case_2840,00:00:00,00:03:05
case_2841,00:00:00,00:03:18
case_2842,00:00:00,00:02:13
case_2843,00:00:00,00:02:31
case_2844,00:00:00,00:02:14
case_2845,00:00:00,00:02:56
case_2846,00:00:00,00:02:30
case_2847,00:00:00,00:02:05
case_2848,00:00:00,00:02:36
case_2849,00:00:00,00:01:59
case_2850,00:00:00,00:01:59
case_2851,00:00:00,00:02:59
case_2852,00:00:00,00:06:08
case_2853,00:00:00,00:04:45
case_2854,00:00:00,00:03:20
case_2855,00:00:00,00:04:04
case_2856,00:00:00,00:03:50
case_2857,00:00:00,00:02:33
case_2858,00:00:00,00:05:17
case_2859,00:00:00,00:03:32
case_2860,00:00:00,00:04:25
case_2861,00:00:00,00:04:04
case_2862,00:00:00,00:05:12
case_2863,00:00:00,00:04:05
case_2864,00:00:00,00:03:54
case_2865,00:00:00,00:03:40
case_2866,00:00:00,00:04:40
case_2867,00:00:00,00:03:47
case_2868,00:00:00,00:03:24
case_2869,00:00:00,00:02:26
case_2870,00:00:00,00:02:58
case_2871,00:00:00,00:02:48
case_2872,00:00:00,00:05:30
case_2873,00:00:00,00:02:35
case_2874,00:00:00,00:02:55
case_2875,00:00:00,00:04:37
case_2876,00:00:00,00:02:32
case_2877,00:00:00,00:03:31
case_2878,00:00:00,00:01:59
case_2879,00:00:00,00:02:25
case_2880,00:00:00,00:03:44
case_2881,00:00:00,00:02:31
case_2882,00:00:00,00:02:55
case_2883,00:00:00,00:03:51
case_2884,00:00:00,00:02:32
case_2885,00:00:00,00:03:28
case_2886,00:00:00,00:03:13
case_2887,00:00:00,00:04:25
case_2888,00:00:00,00:03:08
case_2889,00:00:00,00:03:03
case_2890,00:00:00,00:04:09
case_2891,00:00:00,00:02:52
case_2892,00:00:00,00:03:03
case_2893,00:00:00,00:03:12
case_2894,00:00:00,00:02:45
case_2895,00:00:00,00:03:35
case_2896,00:00:00,00:04:18
case_2897,00:00:00,00:02:51
case_2898,00:00:00,00:02:29
case_2899,00:00:00,00:02:16
case_2900,00:00:00,00:02:26
case_2901,00:00:00,00:04:30
case_2902,00:00:00,00:02:30
case_2903,00:00:00,00:02:48
case_2904,00:00:00,00:02:58
case_2905,00:00:00,00:02:23
case_2906,00:00:00,00:03:03
case_2907,00:00:00,00:03:32
case_2908,00:00:00,00:03:31
case_2909,00:00:00,00:02:21
case_2910,00:00:00,00:03:13
case_2911,00:00:00,00:06:43
case_2912,00:00:00,00:02:45
case_2913,00:00:00,00:04:32
case_2914,00:00:00,00:04:53
case_2915,00:00:00,00:04:37
case_2916,00:00:00,00:03:54
case_2917,00:00:00,00:02:49
case_2918,00:00:00,00:03:25
case_2919,00:00:00,00:03:54
case_2920,00:00:00,00:04:00
case_2921,00:00:00,00:03:28
case_2922,00:00:00,00:03:09
case_2923,00:00:00,00:04:39
case_2924,00:00:00,00:04:22
case_2925,00:00:00,00:04:54
case_2926,00:00:00,00:03:32
case_2927,00:00:00,00:05:39
case_2928,00:00:00,00:05:04
case_2929,00:00:00,00:02:37
case_2930,00:00:00,00:02:55
case_2931,00:00:00,00:02:43
case_2932,00:00:00,00:02:50
case_2933,00:00:00,00:02:53
case_2934,00:00:00,00:03:15
case_2935,00:00:00,00:03:13
case_2936,00:00:00,00:05:08
case_2937,00:00:00,00:03:01
case_2938,00:00:00,00:02:52
case_2939,00:00:00,00:02:42
case_2940,00:00:00,00:03:15
case_2941,00:00:00,00:02:45
case_2942,00:00:00,00:05:05
case_2943,00:00:00,00:02:45
case_2944,00:00:00,00:03:36
case_2945,00:00:00,00:03:09
case_2946,00:00:00,00:02:29
case_2947,00:00:00,00:03:46
case_2948,00:00:00,00:03:25
case_2949,00:00:00,00:02:29
case_2950,00:00:00,00:03:27
case_2951,00:00:00,00:03:44
case_2952,00:00:00,00:02:50
case_2953,00:00:00,00:02:39
case_2954,00:00:00,00:03:59
case_2955,00:00:00,00:02:58
case_2956,00:00:00,00:04:17
case_2957,00:00:00,00:02:38
case_2958,00:00:00,00:02:31
case_2959,00:00:00,00:03:07
case_2960,00:00:00,00:04:03
case_2961,00:00:00,00:03:03
case_2962,00:00:00,00:03:40
case_2963,00:00:00,00:02:55
case_2964,00:00:00,00:07:06
case_2965,00:00:00,00:05:19
case_2966,00:00:00,00:03:32
case_2967,00:00:00,00:05:01
case_2968,00:00:00,00:05:15
case_2969,00:00:00,00:03:05
case_2970,00:00:00,00:03:18
case_2971,00:00:00,00:02:44
case_2972,00:00:00,00:04:04
case_2973,00:00:00,00:03:26
case_2974,00:00:00,00:02:52
case_2975,00:00:00,00:04:02
case_2976,00:00:00,00:03:05
case_2977,00:00:00,00:03:02
case_2978,00:00:00,00:02:49
case_2979,00:00:00,00:04:46
case_2980,00:00:00,00:02:28
case_2981,00:00:00,00:02:31
case_2982,00:00:00,00:04:08
case_2983,00:00:00,00:04:25
case_2984,00:00:00,00:03:49
case_2985,00:00:00,00:03:25
case_2986,00:00:00,00:03:04
case_2987,00:00:00,00:07:09
case_2988,00:00:00,00:04:10
case_2989,00:00:00,00:04:42
case_2990,00:00:00,00:05:31
case_2991,00:00:00,00:05:39
case_2992,00:00:00,00:05:40
case_2993,00:00:00,00:05:19
case_2994,00:00:00,00:04:54
case_2995,00:00:00,00:01:25
case_2996,00:00:00,00:05:03
case_2997,00:00:00,00:04:37
case_2998,00:00:00,00:02:53
case_2999,00:00:00,00:02:50
case_3459,00:00:00,00:02:08
case_3884,00:00:00,00:01:33
case_4687,00:00:00,00:02:10
case_4693,00:00:00,00:02:41
case_4695,00:00:00,00:03:10
case_4697,00:00:00,00:02:08
case_4709,00:00:00,00:04:36
case_4750,00:00:00,00:03:09
case_4811,00:00:00,00:03:24
case_4816,00:00:00,00:02:53
case_4852,00:00:00,00:05:44
case_4859,00:00:00,00:06:36
case_4863,00:00:00,00:07:24
case_4864,00:00:00,00:05:01
case_4874,00:00:00,00:03:02
case_4888,00:00:00,00:02:12
case_4899,00:00:00,00:03:32
case_4906,00:00:00,00:03:23
case_4923,00:00:00,00:05:14
case_4924,00:00:00,00:04:05
case_4927,00:00:00,00:06:13
case_4939,00:00:00,00:02:33
case_4999,00:00:00,00:03:40
case_5004,00:00:00,00:03:04
case_5006,00:00:00,00:02:46
case_5011,00:00:00,00:03:15
case_5013,00:00:00,00:03:01
case_5014,00:00:00,00:03:26
case_5015,00:00:00,00:02:45
case_5016,00:00:00,00:03:00
case_5017,00:00:00,00:02:57
case_5032,00:00:00,00:01:55
case_5051,00:00:00,00:02:28
case_5057,00:00:00,00:03:14
case_5058,00:00:00,00:02:54
case_5063,00:00:00,00:02:18
case_5072,00:00:00,00:02:50
case_5104,00:00:00,00:08:32
case_5180,00:00:00,00:03:35
case_5261,00:00:00,00:02:30
case_5299,00:00:00,00:02:44
case_5300,00:00:00,00:02:44
case_5301,00:00:00,00:02:08
case_5303,00:00:00,00:02:18
case_5304,00:00:00,00:02:12
case_5305,00:00:00,00:02:12
case_5309,00:00:00,00:02:42
case_5311,00:00:00,00:04:09
case_5314,00:00:00,00:02:12
case_5315,00:00:00,00:02:30
case_5316,00:00:00,00:02:45
case_5317,00:00:00,00:02:18
case_5319,00:00:00,00:05:08
case_5325,00:00:00,00:04:01
case_5329,00:00:00,00:03:20
case_5331,00:00:00,00:03:34
case_5334,00:00:00,00:03:24
case_5335,00:00:00,00:03:21
case_5340,00:00:00,00:03:11
case_5353,00:00:00,00:02:38
case_5357,00:00:00,00:04:25
case_5419,00:00:00,00:01:53
case_5693,00:00:00,00:05:23
case_7380,00:00:00,00:01:59
case_7764,00:00:00,00:03:26
case_7868,00:00:00,00:03:57
case_8039,00:00:00,00:03:10
case_8041,00:00:00,00:04:14
